Year,Id,State,Tetanus_Toxoid_Reduced_Diphtheria_Toxoid_Or_Acellular_Pertussis,Tetanus_Toxoid_Reduced_Diphtheria_Toxoid_Acellular_Pertussis,One_Dose_Meningococcal_Conjugate,One_Dose_Human_Papilloma_Virus_Female,Two_Dose_Human_Papilloma_Virus_Female,Three_Dose_Human_Papilloma_Virus_Female,Three_Dose_Human_Papilloma_Virus_Series_Completion_Female,One_Dose_Human_Papilloma_Virus_Male,Two_Dose_Human_Papilloma_Virus_Male,Three_Dose_Human_Papilloma_Virus_Male,Three_Dose_Human_Papilloma_Virus_Series_Completion_Male
2011,1,Alabama,82.8(å±4.5),74.4(å±5.2),64.3(å±5.9),49.5(å±9.3),NA,31.2(å±8.6),64.6(å±13.1),NA,NA,NA,NA
2011,2,Alaska,70.5(å±6.9),65.6(å±7.0),46.1(å±7.2),59.5(å±9.5),NA,40.4(å±9.8),70.8(å±12.3),NA,NA,NA,NA
2011,4,Arizona,89.9(å±4.8),85.3(å±5.3),82.9(å±5.6),55.3(å±10.3),NA,36.7(å±10.0),70.7(å±12.4),8.4(å±4.4),NA,NA,NA
2011,5,Arkansas,54.9(å±7.9),48.4(å±8.0),27.6(å±7.0),36.1(å±12.3),NA,15.5(å±7.9),44.8(å±22.3),NA,NA,NA,NA
2011,6,California,87.0(å±3.5),82.5(å±3.9),75.4(å±4.4),65.0(å±6.8),NA,42.9(å±7.3),72.3(å±8.8),13.0(å±5.1),NA,NA,NA
2011,8,Colorado,87.4(å±5.6),84.7(å±5.8),64.4(å±7.0),45.9(å±10.4),NA,25.3(å±7.7),62.7(å±16.1),13.6(å±7.3),NA,NA,NA
2011,9,Connecticut,90.6(å±3.9),83.0(å±4.8),81.1(å±5.0),60.5(å±8.5),NA,43.0(å±8.8),74.0(å±12.6),17.3(å±6.3),NA,NA,NA
2011,10,Delaware,87.7(å±3.8),80.7(å±4.5),78.2(å±4.9),60.2(å±8.7),NA,46.8(å±8.8),84.4(å±7.7),11.6(å±5.2),NA,NA,NA
2011,11,Dist. of Columbia,92.5(å±3.5),82.0(å±5.0),90.3(å±3.7),55.0(å±9.4),NA,36.0(å±8.5),70.5(å±11.0),NA,NA,NA,NA
2011,12,Florida,91.7(å±3.8),77.5(å±5.3),61.2(å±6.1),50.0(å±8.8),NA,35.3(å±8.4),74.0(å±11.8),NA,NA,NA,NA
2011,13,Georgia,76.6(å±5.6),68.0(å±5.9),67.7(å±5.8),48.4(å±9.0),NA,30.0(å±8.4),67.1(å±12.9),7.3(å±3.8),NA,NA,NA
2011,15,Hawaii,79.4(å±5.6),67.7(å±6.2),70.2(å±5.9),73.1(å±8.0),NA,50.9(å±9.6),71.6(å±11.2),11.7(å±5.4),NA,NA,NA
2011,16,Idaho,63.3(å±7.0),58.3(å±7.1),50.5(å±7.2),45.5(å±10.5),NA,30.0(å±9.8),73.3(å±12.7),NA,NA,NA,NA
2011,17,Illinois,79.9(å±4.1),71.8(å±4.6),66.5(å±5.1),51.6(å±7.5),NA,34.0(å±7.9),73.8(å±9.1),6.2(å±3.0),NA,NA,NA
2011,18,Indiana,94.0(å±2.7),92.7(å±3.0),92.1(å±3.6),40.8(å±9.2),NA,28.4(å±8.1),71.4(å±14.9),NA,NA,NA,NA
2011,19,Iowa,78.3(å±5.5),74.7(å±5.9),60.5(å±6.7),53.5(å±10.0),NA,40.7(å±10.2),76.7(å±13.0),NA,NA,NA,NA
2011,20,Kansas,84.4(å±5.1),79.1(å±5.6),47.7(å±6.6),37.2(å±8.7),NA,21.9(å±6.6),60.0(å±13.7),NA,NA,NA,NA
2011,21,Kentucky,87.7(å±4.1),70.0(å±6.0),55.0(å±6.6),46.0(å±9.8),NA,30.5(å±8.6),73.6(å±16.3),NA,NA,NA,NA
2011,22,Louisiana,92.1(å±3.2),85.9(å±4.2),90.0(å±3.5),63.0(å±8.8),NA,36.3(å±8.5),64.1(å±12.6),15.8(å±6.4),NA,NA,NA
2011,23,Maine,78.6(å±5.4),69.2(å±5.7),64.9(å±5.8),56.1(å±8.2),NA,44.5(å±8.3),88.2(å±7.3),NA,NA,NA,NA
2011,24,Maryland,85.8(å±4.0),72.9(å±5.3),78.5(å±4.8),45.7(å±8.3),NA,29.9(å±7.1),70.0(å±11.4),14.0(å±6.2),NA,NA,NA
2011,25,Massachusetts,96.7(å±2.5),91.6(å±3.4),84.4(å±5.3),61.1(å±8.9),NA,48.5(å±9.2),88.7(å±6.5),NA,NA,NA,NA
2011,26,Michigan,81.7(å±5.7),71.0(å±6.5),77.9(å±5.8),55.6(å±9.8),NA,31.6(å±8.6),61.6(å±13.9),NA,NA,NA,NA
2011,27,Minnesota,90.1(å±5.7),82.5(å±6.0),63.1(å±7.0),55.5(å±9.9),NA,35.1(å±9.1),66.4(å±16.3),NA,NA,NA,NA
2011,28,Mississippi,43.4(å±7.0),36.9(å±6.8),34.2(å±6.8),31.9(å±10.3),NA,19.6(å±9.3),66.0(å±19.9),NA,NA,NA,NA
2011,29,Missouri,82.5(å±5.0),79.6(å±5.3),54.6(å±6.5),49.5(å±9.7),NA,30.8(å±9.0),70.1(å±15.2),NA,NA,NA,NA
2011,30,Montana,90.2(å±5.3),85.0(å±6.0),39.8(å±8.4),52.9(å±11.9),NA,39.8(å±12.1),78.6(å±11.7),NA,NA,NA,NA
2011,31,Nebraska,87.3(å±4.5),81.8(å±5.2),76.0(å±5.6),59.0(å±9.9),NA,32.6(å±8.6),59.8(å±14.2),14.2(å±8.1),NA,NA,NA
2011,32,Nevada,85.8(å±4.9),80.2(å±5.8),60.3(å±7.3),55.3(å±11.2),NA,30.9(å±10.2),60.7(å±16.5),NA,NA,NA,NA
2011,33,New Hampshire,97.2(å±1.7),95.0(å±2.4),80.6(å±5.2),65.8(å±7.7),NA,46.0(å±8.4),80.0(å±12.9),NA,NA,NA,NA
2011,34,New Jersey,91.9(å±3.1),78.9(å±5.0),85.9(å±4.2),55.5(å±8.1),NA,38.7(å±8.3),74.2(å±10.3),NA,NA,NA,NA
2011,35,New Mexico,87.9(å±4.7),81.3(å±5.1),64.8(å±6.0),58.1(å±8.6),NA,29.7(å±7.7),54.8(å±12.9),11.3(å±4.9),NA,NA,NA
2011,36,New York,93.4(å±2.0),88.5(å±2.5),74.9(å±3.8),46.6(å±5.9),NA,34.2(å±5.5),76.7(å±7.2),6.4(å±2.7),NA,NA,NA
2011,37,North Carolina,83.6(å±5.0),77.8(å±5.6),65.9(å±6.3),54.4(å±9.7),NA,32.3(å±9.6),65.4(å±16.0),NA,NA,NA,NA
2011,38,North Dakota,92.0(å±4.8),87.5(å±6.0),84.2(å±6.9),51.2(å±12.6),NA,27.8(å±10.3),55.3(å±18.5),NA,NA,NA,NA
2011,39,Ohio,79.0(å±5.1),72.7(å±5.5),66.0(å±6.0),45.5(å±8.5),NA,32.6(å±8.2),77.0(å±11.0),NA,NA,NA,NA
2011,40,Oklahoma,69.9(å±6.2),66.0(å±6.3),55.3(å±6.6),49.8(å±10.0),NA,27.7(å±8.7),63.1(å±15.5),8.9(å±4.9),NA,NA,NA
2011,41,Oregon,86.7(å±4.4),83.1(å±5.0),55.8(å±6.7),68.6(å±8.5),NA,38.5(å±10.0),58.3(å±13.8),NA,NA,NA,NA
2011,42,Pennsylvania,89.3(å±3.5),81.0(å±4.3),83.8(å±4.2),51.9(å±8.0),NA,41.0(å±7.7),83.6(å±6.6),8.5(å±3.6),NA,NA,NA
2011,44,Rhode Island,95.7(å±2.0),87.5(å±3.5),88.9(å±4.2),76.1(å±7.2),NA,56.8(å±9.2),80.5(å±10.8),24.6(å±6.7),NA,NA,NA
2011,45,South Carolina,67.0(å±6.7),59.4(å±7.0),55.4(å±6.9),38.7(å±10.6),NA,23.3(å±8.6),60.9(å±19.3),NA,NA,NA,NA
2011,46,South Dakota,57.8(å±10.4),54.4(å±10.3),37.4(å±9.5),58.1(å±13.8),NA,50.1(å±13.7),89.2(å±7.1),NA,NA,NA,NA
2011,47,Tennessee,75.8(å±5.7),67.6(å±6.4),63.3(å±6.4),46.0(å±9.4),NA,27.2(å±8.3),62.1(å±16.0),NA,NA,NA,NA
2011,48,Texas,88.4(å±2.6),80.7(å±3.4),79.1(å±3.9),48.8(å±6.7),NA,31.5(å±6.6),69.3(å±8.8),10.4(å±3.3),NA,2.4(å±1.4),37.4(å±18.2)
2011,0,US National,85.3(å±0.8),78.2(å±0.9),70.5(å±1.0),53.0(å±1.7),NA,34.8(å±1.6),70.7(å±2.3),8.3(å±1.0),NA,1.3(å±0.3),28.1(å±6.5)
2011,49,Utah,84.5(å±5.9),81.4(å±6.0),58.5(å±7.0),53.3(å±10.5),NA,20.4(å±7.0),41.8(å±14.9),NA,NA,NA,NA
2011,50,Vermont,93.0(å±3.0),90.1(å±3.3),65.7(å±5.8),63.0(å±8.0),NA,50.1(å±8.8),85.9(å±9.6),NA,NA,NA,NA
2011,51,Virginia,83.4(å±5.4),77.9(å±5.7),61.8(å±6.1),46.9(å±9.6),NA,29.8(å±8.8),70.0(å±14.6),NA,NA,NA,NA
2011,53,Washington,84.1(å±5.2),75.0(å±6.3),69.4(å±6.4),66.5(å±8.9),NA,40.0(å±9.0),65.6(å±11.5),8.9(å±4.9),NA,NA,NA
2011,54,West Virginia,68.6(å±5.6),60.1(å±6.0),54.9(å±6.0),50.6(å±9.2),NA,28.6(å±8.1),58.7(å±14.3),6.9(å±3.4),NA,NA,NA
2011,55,Wisconsin,95.0(å±3.0),89.7(å±4.1),74.5(å±5.7),65.7(å±8.4),NA,46.2(å±9.8),80.3(å±12.9),NA,NA,NA,NA
2011,56,Wyoming,90.8(å±4.4),86.2(å±4.9),60.8(å±8.1),60.9(å±10.5),NA,40.9(å±10.9),68.1(å±14.3),NA,NA,NA,NA
2012,1,Alabama,87.2(å±5.3),81.7(å±6.0),60.5(å±7.1),46.6(å±10.4),36.9(å±10.1),31.1(å±9.9),69.1(å±14.0),17.8(å±9.3),NA,NA,NA
2012,2,Alaska,78.5(å±4.9),77.1(å±5.0),52.7(å±6.2),56.1(å±9.3),46.3(å±9.6),31.4(å±8.8),60.8(å±14.0),14.1(å±5.6),7.5(å±3.7),NA,NA
2012,4,Arizona,91.2(å±3.6),87.5(å±4.5),85.5(å±5.0),54.3(å±9.5),43.4(å±9.5),36.9(å±9.3),72.8(å±12.2),19.7(å±7.0),12.8(å±5.8),NA,NA
2012,5,Arkansas,69.8(å±6.4),64.4(å±6.8),37.5(å±7.0),41.2(å±10.7),32.4(å±10.0),18.3(å±7.2),48.0(å±17.8),12.7(å±6.6),NA,NA,NA
2012,6,California,92.7(å±3.4),89.4(å±3.8),76.0(å±5.5),65.0(å±8.3),48.4(å±8.8),35.8(å±8.4),58.0(å±11.4),29.4(å±7.4),19.3(å±6.4),11.7(å±5.2),49.5(å±16.8)
2012,8,Colorado,93.3(å±3.5),93.2(å±3.5),73.2(å±6.6),61.4(å±10.8),44.9(å±11.3),38.0(å±11.2),66.5(å±15.3),31.3(å±12.6),NA,NA,NA
2012,9,Connecticut,92.5(å±3.9),89.3(å±4.8),88.8(å±3.7),57.6(å±10.3),53.9(å±10.4),43.6(å±10.5),78.4(å±11.6),20.3(å±6.7),14.6(å±6.0),8.5(å±4.6),66.0(å±18.6)
2012,10,Delaware,85.0(å±5.1),77.8(å±5.9),78.0(å±6.2),67.2(å±9.8),64.5(å±9.9),50.4(å±10.2),76.6(å±10.8),26.2(å±7.5),17.9(å±6.7),10.7(å±4.9),49.2(å±18.6)
2012,11,Dist. of Columbia,90.4(å±4.4),84.5(å±5.2),92.1(å±3.3),57.8(å±10.1),52.8(å±10.1),38.5(å±9.7),69.5(å±11.7),33.8(å±9.7),12.3(å±6.1),4.8(å±2.5),25.0(å±14.3)
2012,12,Florida,93.4(å±3.8),86.8(å±5.1),68.6(å±6.8),39.4(å±10.1),33.4(å±9.6),25.3(å±8.8),70.4(å±13.8),21.4(å±9.3),15.4(å±8.2),NA,NA
2012,13,Georgia,87.9(å±4.6),80.5(å±6.0),73.1(å±6.8),52.3(å±10.8),36.8(å±9.8),29.0(å±9.0),59.0(å±14.2),19.5(å±8.5),8.7(å±4.7),NA,NA
2012,15,Hawaii,79.8(å±5.4),74.1(å±5.9),70.4(å±6.3),64.6(å±9.4),58.1(å±9.8),43.4(å±9.7),74.8(å±11.5),43.1(å±9.7),27.5(å±8.8),15.6(å±7.6),58.0(å±19.5)
2012,16,Idaho,70.7(å±5.8),64.5(å±6.1),63.2(å±6.3),51.3(å±9.5),41.6(å±9.6),27.8(å±8.2),62.0(å±16.6),16.2(å±7.5),NA,NA,NA
2012,17,Illinois,80.2(å±5.3),77.3(å±5.4),67.7(å±6.0),41.2(å±8.5),28.5(å±7.7),21.1(å±6.3),57.7(å±14.4),24.3(å±7.8),15.0(å±6.8),NA,60.0(å±23.5)
2012,18,Indiana,96.9(å±2.3),94.4(å±3.0),92.0(å±3.8),48.4(å±9.9),42.7(å±9.7),35.2(å±9.1),77.9(å±11.6),17.2(å±7.4),10.8(å±5.9),NA,NA
2012,19,Iowa,80.2(å±5.8),77.8(å±5.9),64.4(å±6.7),57.5(å±9.6),46.4(å±9.8),35.6(å±9.3),66.9(å±13.7),19.4(å±7.8),13.5(å±6.4),NA,NA
2012,20,Kansas,93.7(å±3.1),92.2(å±3.3),55.9(å±7.3),42.7(å±10.5),32.8(å±9.8),25.1(å±9.3),64.1(å±16.8),13.5(å±6.9),11.1(å±6.5),NA,NA
2012,21,Kentucky,86.0(å±4.7),80.0(å±5.6),62.9(å±6.8),51.2(å±10.6),43.5(å±10.5),34.9(å±9.9),73.4(å±14.4),NA,NA,NA,NA
2012,22,Louisiana,93.5(å±3.1),89.8(å±3.7),90.8(å±3.6),62.1(å±8.6),52.6(å±9.1),40.5(å±9.0),69.9(å±12.3),20.6(å±8.2),12.6(å±6.9),NA,NA
2012,23,Maine,84.7(å±5.3),79.5(å±5.9),73.7(å±6.1),61.7(å±9.4),53.4(å±9.7),41.8(å±9.6),74.5(å±12.4),25.3(å±7.9),17.4(å±7.0),12.1(å±6.2),NA
2012,24,Maryland,82.2(å±6.1),78.1(å±6.6),74.9(å±6.9),42.7(å±10.9),39.3(å±10.5),30.9(å±9.4),76.0(å±12.4),20.2(å±7.5),13.8(å±6.4),NA,NA
2012,25,Massachusetts,98.5(å±1.2),95.7(å±2.4),89.2(å±3.7),69.3(å±7.9),58.9(å±8.9),43.0(å±9.1),68.6(å±11.9),25.5(å±7.9),10.4(å±5.0),NA,NA
2012,26,Michigan,87.9(å±4.4),84.2(å±4.8),87.5(å±4.2),48.1(å±9.7),39.2(å±9.6),32.2(å±9.3),72.1(å±12.2),13.1(å±6.9),NA,NA,NA
2012,27,Minnesota,90.2(å±5.3),85.6(å±6.1),66.6(å±6.8),59.4(å±10.3),46.0(å±10.7),33.1(å±9.9),58.7(å±15.1),15.2(å±7.6),NA,NA,NA
2012,28,Mississippi,56.8(å±7.2),53.5(å±7.3),40.7(å±7.1),39.7(å±10.6),22.3(å±7.7),12.1(å±5.9),45.7(å±20.5),20.9(å±9.2),11.2(å±6.4),NA,NA
2012,29,Missouri,89.9(å±4.4),88.0(å±4.8),58.3(å±7.6),51.6(å±10.5),40.4(å±10.1),34.5(å±9.7),69.2(å±15.4),21.7(å±9.9),NA,NA,NA
2012,30,Montana,92.2(å±3.5),90.2(å±3.8),58.6(å±6.6),55.1(å±9.8),46.5(å±10.0),41.6(å±10.1),85.4(å±7.9),16.8(å±7.0),10.0(å±5.9),NA,NA
2012,31,Nebraska,85.2(å±5.3),81.4(å±5.8),75.5(å±6.1),67.5(å±10.0),58.3(å±10.7),37.3(å±10.0),61.2(å±14.8),19.6(å±6.9),11.6(å±5.0),7.0(å±3.7),NA
2012,32,Nevada,88.5(å±4.9),86.3(å±5.0),66.3(å±6.3),62.5(å±9.5),44.6(å±10.2),37.2(å±10.2),63.7(å±12.6),11.6(å±5.5),NA,NA,NA
2012,33,New Hampshire,97.0(å±2.0),96.3(å±2.2),83.1(å±5.6),52.2(å±10.6),43.6(å±10.4),34.5(å±9.7),69.8(å±13.5),20.5(å±7.3),12.2(å±5.5),NA,NA
2012,34,New Jersey,94.3(å±3.1),90.9(å±4.0),91.6(å±3.9),54.6(å±9.7),44.9(å±9.7),31.6(å±8.5),65.7(å±14.2),19.8(å±7.9),10.7(å±5.6),NA,NA
2012,35,New Mexico,91.4(å±4.1),82.6(å±5.6),54.2(å±7.0),51.1(å±10.1),38.7(å±9.4),30.3(å±8.7),59.7(å±13.5),20.2(å±8.1),12.8(å±7.0),NA,NA
2012,36,New York,93.3(å±2.6),90.3(å±2.9),78.5(å±4.1),56.0(å±7.1),50.5(å±7.2),39.7(å±7.2),76.5(å±7.8),17.9(å±5.1),12.3(å±4.6),NA,48.6(å±20.5)
2012,37,North Carolina,91.4(å±4.0),87.9(å±4.5),68.2(å±6.4),53.3(å±9.7),46.5(å±9.8),35.5(å±9.5),74.8(å±12.5),18.8(å±7.1),11.8(å±5.7),8.6(å±5.0),NA
2012,38,North Dakota,92.2(å±4.5),89.5(å±5.0),88.1(å±4.9),60.3(å±9.8),49.7(å±10.0),40.9(å±9.6),76.6(å±11.4),18.6(å±7.4),13.1(å±6.8),NA,NA
2012,39,Ohio,78.9(å±6.4),73.8(å±6.7),66.4(å±6.9),56.4(å±10.4),39.5(å±10.7),31.9(å±10.5),67.6(å±13.9),15.2(å±6.7),6.9(å±3.9),NA,NA
2012,40,Oklahoma,78.8(å±5.5),77.1(å±5.6),63.8(å±6.7),55.1(å±9.5),49.5(å±9.6),38.4(å±9.4),75.3(å±10.7),24.4(å±7.6),14.8(å±6.0),10.6(å±5.4),52.5(å±19.2)
2012,41,Oregon,88.8(å±3.8),86.0(å±4.5),58.3(å±6.3),58.5(å±9.3),46.7(å±9.5),38.6(å±9.3),69.8(å±11.3),14.5(å±5.9),7.2(å±4.2),NA,NA
2012,42,Pennsylvania,91.4(å±3.1),88.4(å±3.4),89.4(å±3.6),57.4(å±8.0),52.1(å±8.2),44.6(å±8.2),81.4(å±8.3),21.9(å±6.0),13.2(å±4.8),5.3(å±2.8),32.0(å±15.4)
2012,44,Rhode Island,96.9(å±2.1),94.0(å±2.9),94.3(å±2.9),73.7(å±9.4),67.8(å±9.8),57.7(å±10.0),80.6(å±9.5),55.2(å±9.2),34.8(å±8.7),17.7(å±6.3),42.1(å±14.3)
2012,45,South Carolina,67.9(å±7.1),64.9(å±7.2),58.5(å±7.3),41.9(å±10.6),31.6(å±9.8),26.6(å±9.5),69.0(å±16.2),18.1(å±8.8),15.9(å±8.5),NA,NA
2012,46,South Dakota,68.3(å±6.3),65.9(å±6.5),40.0(å±6.8),51.0(å±10.1),46.5(å±10.1),31.8(å±9.3),64.2(å±14.2),19.8(å±8.2),10.7(å±6.1),NA,NA
2012,47,Tennessee,79.7(å±6.0),77.4(å±6.2),69.4(å±6.7),54.3(å±11.0),40.9(å±10.7),28.6(å±9.4),56.1(å±15.1),20.3(å±8.8),NA,NA,NA
2012,48,Texas,88.1(å±2.9),82.5(å±3.3),84.6(å±3.3),51.2(å±5.8),41.2(å±5.7),30.3(å±5.3),61.4(å±8.3),24.0(å±5.0),14.2(å±4.1),7.0(å±2.4),36.2(å±12.1)
2012,0,US National,88.5(å±0.8),84.6(å±0.9),74.0(å±1.1),53.8(å±1.9),43.4(å±1.9),33.4(å±1.7),66.7(å±2.6),20.8(å±1.5),12.7(å±1.3),6.8(å±1.0),45.1(å±5.0)
2012,49,Utah,84.9(å±5.8),81.5(å±6.3),56.5(å±7.0),44.3(å±10.4),39.0(å±10.0),24.1(å±8.4),54.9(å±15.2),NA,NA,NA,NA
2012,50,Vermont,94.5(å±3.5),93.1(å±3.6),72.6(å±6.1),66.4(å±9.0),58.0(å±9.3),46.2(å±9.6),76.5(å±9.7),25.7(å±8.2),19.4(å±7.8),10.6(å±5.6),NA
2012,51,Virginia,91.1(å±4.1),88.7(å±4.3),62.1(å±7.4),50.9(å±10.9),38.0(å±10.3),27.9(å±9.2),57.9(å±16.0),12.1(å±5.8),NA,NA,NA
2012,53,Washington,89.5(å±4.8),86.0(å±5.1),71.2(å±6.6),64.5(å±10.1),54.6(å±10.1),43.5(å±9.8),70.1(å±11.3),14.9(å±6.2),9.6(å±5.4),NA,NA
2012,54,West Virginia,73.6(å±6.8),68.2(å±7.1),64.1(å±7.4),45.2(å±10.6),41.2(å±10.6),36.1(å±10.2),81.6(å±13.0),18.3(å±8.5),NA,NA,NA
2012,55,Wisconsin,92.6(å±3.7),89.8(å±4.4),74.4(å±6.2),50.5(å±10.8),45.0(å±10.7),37.5(å±10.5),78.9(å±11.4),19.3(å±8.0),10.3(å±5.8),NA,NA
2012,56,Wyoming,88.4(å±4.5),85.4(å±4.8),59.0(å±6.6),53.9(å±10.0),41.4(å±9.6),30.3(å±8.7),59.7(å±14.0),11.2(å±4.9),NA,NA,NA
2013,1,Alabama,90.6(å±4.0),87.3(å±4.5),69.5(å±6.0),54.7(å±9.2),46.6(å±9.2),39.6(å±9.0),73.4(å±10.4),18.4(å±6.9),10.9(å±5.2),NA,NA
2013,2,Alaska,77.8(å±5.5),74.3(å±5.8),55.2(å±6.5),52.2(å±9.4),36.1(å±9.0),27.1(å±8.2),59.2(å±13.7),27.6(å±7.9),17.8(å±6.9),8.5(å±4.7),46.6(å±20.1)
2013,4,Arizona,88.5(å±4.6),84.4(å±5.0),86.7(å±4.6),64.1(å±8.7),47.9(å±9.5),37.4(å±9.2),59.4(å±12.7),44.4(å±8.7),33.5(å±8.4),19.5(å±6.9),56.2(å±14.9)
2013,5,Arkansas,78.9(å±5.3),77.7(å±5.3),40.4(å±6.5),44.3(å±9.3),35.4(å±8.9),24.4(å±8.0),57.0(å±14.6),17.7(å±7.5),NA,NA,NA
2013,6,California,91.4(å±4.4),91.1(å±4.4),80.9(å±5.7),67.6(å±9.4),57.3(å±10.0),45.8(å±10.2),71.5(å±11.3),50.9(å±9.7),33.2(å±9.7),16.6(å±8.0),38.7(å±16.0)
2013,8,Colorado,90.5(å±3.8),87.1(å±4.4),73.6(å±5.6),58.2(å±8.6),50.0(å±8.8),39.1(å±8.7),70.9(å±11.5),33.5(å±8.6),21.7(å±7.5),9.9(å±4.8),39.4(å±17.2)
2013,9,Connecticut,93.2(å±3.7),90.8(å±4.3),90.6(å±4.2),56.0(å±9.2),49.0(å±9.3),40.1(å±9.1),76.3(å±11.3),52.3(å±9.2),36.4(å±8.9),23.4(å±7.9),51.0(å±14.7)
2013,10,Delaware,87.7(å±4.2),84.4(å±4.6),81.8(å±5.1),68.7(å±8.1),59.4(å±8.7),51.7(å±8.9),81.6(å±9.1),37.1(å±8.5),25.0(å±7.5),18.1(å±6.8),62.1(å±14.3)
2013,11,Dist. of Columbia,87.2(å±7.4),83.1(å±8.3),91.3(å±7.0),55.6(å±14.6),43.0(å±14.4),30.2(å±12.3),61.8(å±22.0),67.7(å±13.9),40.2(å±14.5),24.5(å±13.0),46.6(å±20.2)
2013,12,Florida,88.0(å±5.1),84.8(å±5.4),72.3(å±6.4),49.7(å±10.2),40.7(å±10.0),34.3(å±9.8),78.8(å±10.9),27.8(å±8.6),16.0(å±6.6),13.2(å±6.2),61.7(å±20.5)
2013,13,Georgia,85.1(å±6.2),82.0(å±6.6),76.9(å±7.0),53.7(å±10.8),42.3(å±10.4),33.2(å±9.5),65.1(å±14.9),40.5(å±11.5),31.0(å±10.7),15.3(å±8.2),40.9(å±19.0)
2013,15,Hawaii,82.1(å±5.3),80.2(å±5.4),75.0(å±6.0),52.7(å±10.1),46.6(å±10.0),34.4(å±9.5),70.3(å±12.5),39.7(å±8.9),29.0(å±8.1),15.1(å±6.0),47.2(å±15.5)
2013,16,Idaho,82.5(å±5.9),74.6(å±6.6),71.6(å±7.0),55.0(å±10.6),45.8(å±10.5),31.3(å±9.6),58.1(å±14.5),34.5(å±10.2),21.6(å±8.8),NA,NA
2013,17,Illinois,90.2(å±3.6),86.2(å±4.2),79.0(å±4.5),53.2(å±7.6),42.6(å±7.5),33.8(å±7.2),69.3(å±10.6),34.8(å±7.5),21.2(å±6.6),16.5(å±6.4),56.6(å±14.4)
2013,18,Indiana,92.8(å±3.0),90.6(å±3.3),93.5(å±2.7),54.1(å±8.3),44.2(å±8.2),34.6(å±7.7),71.2(å±11.2),18.2(å±6.3),13.5(å±5.6),8.1(å±4.3),NA
2013,19,Iowa,80.2(å±5.0),79.6(å±5.0),63.6(å±5.9),57.0(å±8.7),52.2(å±8.8),41.9(å±8.8),81.3(å±9.7),30.3(å±8.0),24.0(å±7.3),13.7(å±5.4),53.6(å±17.8)
2013,20,Kansas,86.8(å±4.6),84.6(å±4.9),55.9(å±6.8),39.9(å±9.9),29.9(å±9.2),21.0(å±8.2),58.5(å±16.9),25.1(å±8.6),19.3(å±7.8),NA,NA
2013,21,Kentucky,88.2(å±4.6),84.4(å±5.1),71.2(å±6.3),47.6(å±9.8),38.6(å±9.5),26.8(å±8.5),62.1(å±14.1),19.0(å±7.4),10.8(å±5.2),NA,NA
2013,22,Louisiana,88.2(å±4.5),87.9(å±4.5),87.7(å±4.4),59.8(å±9.2),54.1(å±9.6),42.1(å±9.8),74.8(å±11.6),27.0(å±8.1),20.5(å±7.6),13.5(å±6.6),59.8(å±18.7)
2013,23,Maine,85.6(å±4.4),83.0(å±4.7),71.2(å±5.6),60.2(å±8.8),55.4(å±8.9),45.8(å±8.8),81.0(å±8.5),42.2(å±8.5),31.1(å±7.9),17.6(å±6.0),48.0(å±14.5)
2013,24,Maryland,86.7(å±5.9),83.2(å±6.2),78.0(å±6.6),50.0(å±11.5),45.5(å±11.4),33.4(å±10.7),71.5(å±15.1),34.2(å±10.2),23.1(å±9.0),NA,39.4(å±20.5)
2013,25,Massachusetts,97.3(å±2.1),94.9(å±2.6),89.6(å±3.6),62.3(å±8.3),48.9(å±8.6),39.3(å±8.4),73.5(å±10.5),52.8(å±8.2),37.8(å±8.0),21.8(å±7.0),63.8(å±13.2)
2013,26,Michigan,88.7(å±4.2),81.0(å±5.2),90.7(å±3.9),66.0(å±9.1),49.4(å±9.9),34.5(å±9.4),53.3(å±12.9),30.0(å±8.1),16.8(å±6.7),7.7(å±4.5),31.8(å±16.6)
2013,27,Minnesota,93.9(å±3.4),91.4(å±3.8),66.3(å±6.2),59.3(å±9.3),45.8(å±9.4),37.6(å±9.0),70.2(å±12.1),22.0(å±6.7),13.1(å±5.6),8.6(å±4.5),48.8(å±19.7)
2013,28,Mississippi,61.0(å±6.7),60.2(å±6.7),50.1(å±6.9),53.1(å±9.5),35.6(å±9.3),25.2(å±8.6),54.1(å±14.6),13.6(å±6.6),NA,NA,NA
2013,29,Missouri,82.8(å±5.3),81.5(å±5.4),60.7(å±7.1),46.1(å±10.6),38.1(å±10.1),28.8(å±9.0),64.5(å±16.5),20.5(å±7.7),NA,NA,NA
2013,30,Montana,87.0(å±4.9),84.3(å±5.1),51.6(å±6.6),45.8(å±9.6),37.9(å±9.0),28.3(å±8.1),65.3(å±13.8),23.8(å±8.1),17.2(å±7.0),9.4(å±4.6),48.5(å±22.0)
2013,31,Nebraska,88.7(å±4.3),86.1(å±4.7),77.5(å±5.2),65.1(å±9.2),55.3(å±9.3),41.5(å±9.1),68.0(å±11.1),38.2(å±8.7),26.4(å±7.8),19.7(å±7.2),60.0(å±14.8)
2013,32,Nevada,90.1(å±3.6),88.3(å±4.1),64.0(å±6.1),53.8(å±9.4),38.9(å±9.2),27.4(å±8.3),56.5(å±13.6),31.9(å±8.5),20.4(å±7.2),7.3(å±3.9),31.8(å±16.0)
2013,33,New Hampshire,97.6(å±1.7),94.7(å±2.9),85.6(å±4.4),68.0(å±8.3),57.2(å±8.6),43.2(å±8.6),67.2(å±10.1),41.4(å±8.4),28.5(å±7.9),17.8(å±6.7),54.5(å±15.3)
2013,34,New Jersey,90.5(å±4.4),85.5(å±5.3),91.8(å±4.1),45.8(å±9.7),39.1(å±9.6),31.4(å±9.2),72.4(å±13.5),32.4(å±8.9),25.7(å±8.4),14.2(å±7.0),51.3(å±18.5)
2013,35,New Mexico,89.5(å±4.1),85.6(å±4.5),70.9(å±5.6),67.1(å±8.6),56.1(å±9.2),44.3(å±9.2),69.7(å±10.3),31.4(å±7.6),27.0(å±7.2),19.2(å±6.6),62.5(å±13.6)
2013,36,New York,93.2(å±2.3),89.5(å±2.9),83.3(å±3.4),61.7(å±6.2),55.6(å±6.4),45.4(å±6.6),78.5(å±7.7),38.6(å±6.1),29.3(å±5.8),19.1(å±5.1),62.0(å±11.2)
2013,37,North Carolina,91.7(å±3.6),89.4(å±4.0),72.4(å±5.7),59.3(å±9.5),47.4(å±9.7),32.8(å±9.1),56.8(å±13.2),33.2(å±8.8),24.4(å±8.0),12.4(å±6.3),41.3(å±17.3)
2013,38,North Dakota,96.2(å±2.2),95.0(å±2.9),93.7(å±3.2),57.5(å±9.4),51.0(å±9.4),41.1(å±9.1),76.7(å±10.6),36.1(å±9.1),26.6(å±8.4),18.4(å±7.5),65.6(å±17.9)
2013,39,Ohio,86.9(å±4.6),84.4(å±4.9),69.2(å±6.1),54.8(å±9.3),47.6(å±9.4),35.0(å±8.8),69.4(å±13.2),26.5(å±8.2),19.7(å±7.1),14.7(å±6.4),64.2(å±19.7)
2013,40,Oklahoma,81.3(å±4.6),78.1(å±4.9),66.2(å±5.4),54.8(å±8.7),46.5(å±8.7),35.4(å±8.3),68.2(å±11.0),45.2(å±7.5),31.1(å±6.9),17.3(å±5.7),43.9(å±12.3)
2013,41,Oregon,88.5(å±4.2),87.0(å±4.3),65.3(å±5.8),66.3(å±8.4),54.9(å±8.8),39.5(å±8.8),66.3(å±10.8),35.8(å±8.1),20.8(å±6.9),12.2(å±5.0),43.8(å±15.5)
2013,42,Pennsylvania,93.5(å±2.8),89.9(å±3.5),90.4(å±3.6),59.5(å±8.1),53.5(å±8.2),45.9(å±8.1),83.1(å±8.6),44.1(å±7.8),26.8(å±6.9),15.4(å±5.5),42.2(å±13.3)
2013,44,Rhode Island,95.9(å±2.8),95.5(å±2.9),92.0(å±3.5),76.6(å±8.1),68.5(å±8.7),56.5(å±9.3),78.4(å±9.1),69.3(å±8.5),58.0(å±9.0),43.2(å±9.0),69.5(å±10.8)
2013,45,South Carolina,74.6(å±6.5),71.9(å±6.6),68.7(å±6.6),60.4(å±9.7),53.0(å±10.1),40.7(å±10.4),72.3(å±12.6),22.2(å±9.0),13.1(å±6.7),NA,NA
2013,46,South Dakota,72.7(å±6.3),70.0(å±6.4),51.7(å±6.7),56.0(å±9.7),52.0(å±9.7),42.3(å±9.6),79.1(å±10.7),22.1(å±7.1),17.0(å±6.4),8.4(å±4.2),45.7(å±18.6)
2013,47,Tennessee,85.1(å±4.6),80.0(å±5.4),67.8(å±6.1),48.9(å±9.5),39.8(å±9.4),35.9(å±9.1),75.7(å±12.0),28.9(å±8.2),18.0(å±7.1),NA,38.0(å±18.3)
2013,48,Texas,90.3(å±3.1),86.1(å±3.6),87.6(å±3.5),56.2(å±7.4),46.3(å±7.4),38.9(å±7.4),74.4(å±8.3),34.1(å±6.5),25.2(å±5.9),15.0(å±4.6),48.1(å±12.1)
2013,0,US National,89.1(å±0.9),86.0(å±0.9),77.8(å±1.1),57.3(å±1.9),47.7(å±2.0),37.6(å±1.9),70.4(å±2.5),34.6(å±1.9),23.5(å±1.7),13.9(å±1.4),48.3(å±4.0)
2013,49,Utah,88.2(å±4.7),86.2(å±4.9),61.0(å±6.7),44.3(å±9.6),30.9(å±8.9),20.5(å±7.8),48.8(å±14.8),11.0(å±5.8),NA,NA,NA
2013,50,Vermont,93.8(å±3.1),91.8(å±3.7),79.2(å±5.3),60.2(å±9.0),53.5(å±9.2),42.7(å±9.1),78.8(å±10.1),41.3(å±8.8),26.3(å±8.0),21.7(å±7.7),63.9(å±14.0)
2013,51,Virginia,85.7(å±6.1),83.6(å±6.5),64.2(å±8.5),51.9(å±12.7),41.4(å±12.3),27.6(å±10.6),66.7(å±18.5),26.4(å±10.6),22.4(å±10.4),NA,NA
2013,53,Washington,90.6(å±4.2),86.2(å±5.0),79.0(å±5.6),60.7(å±9.7),52.3(å±9.9),45.3(å±9.8),79.5(å±10.4),29.8(å±8.0),18.0(å±6.3),12.5(å±5.2),49.6(å±16.8)
2013,54,West Virginia,79.3(å±5.4),76.7(å±5.6),77.3(å±5.5),49.7(å±9.4),43.6(å±9.2),38.4(å±9.0),81.0(å±8.9),29.4(å±8.5),19.2(å±7.3),15.1(å±6.6),66.2(å±17.6)
2013,55,Wisconsin,96.1(å±2.4),89.6(å±4.2),81.4(å±4.9),59.4(å±9.1),47.8(å±9.4),36.8(å±9.0),65.4(å±13.0),31.7(å±8.5),20.9(å±7.7),13.7(å±6.7),62.7(å±19.1)
2013,56,Wyoming,94.3(å±2.6),92.3(å±3.0),63.1(å±6.2),54.3(å±9.4),49.5(å±9.4),42.1(å±9.3),83.0(å±9.1),16.6(å±6.0),12.3(å±5.3),8.4(å±4.5),NA
2014,1,Alabama,90.9(å±3.8),88.6(å±4.0),71.6(å±5.7),54.7(å±9.3),40.7(å±9.0),35.3(å±8.8),65.7(å±11.8),27.6(å±7.2),16.1(å±5.8),9.0(å±4.7),37.4(å±16.1)
2014,2,Alaska,77.3(å±5.1),73.8(å±5.4),56.9(å±6.1),48.7(å±8.8),45.2(å±8.7),34.4(å±8.2),74.7(å±11.0),37.9(å±8.6),25.9(å±7.8),13.3(å±6.3),41.7(å±16.2)
2014,4,Arizona,85.2(å±4.7),84.2(å±4.8),85.9(å±4.7),58.2(å±9.4),46.2(å±9.4),35.8(å±8.8),67.9(å±12.2),40.6(å±8.3),28.2(å±7.5),16.7(å±5.7),46.4(å±13.7)
2014,5,Arkansas,85.4(å±4.7),84.6(å±4.7),64.8(å±6.1),54.6(å±9.1),37.8(å±8.7),23.4(å±7.5),49.1(å±13.0),35.1(å±8.9),21.8(å±7.8),11.4(å±5.6),41.1(å±17.6)
2014,6,California,90.3(å±4.1),87.7(å±4.6),79.3(å±5.7),69.2(å±9.4),61.5(å±9.8),47.7(å±9.8),70.2(å±10.9),52.1(å±9.3),41.2(å±9.2),31.1(å±8.9),62.3(å±12.1)
2014,8,Colorado,92.4(å±3.2),90.2(å±3.6),76.8(å±4.9),62.5(å±8.3),55.1(å±8.7),42.1(å±8.7),70.6(å±11.1),40.7(å±8.2),30.8(å±7.8),21.9(å±7.0),56.4(å±13.4)
2014,9,Connecticut,96.2(å±2.7),94.8(å±3.2),94.9(å±3.0),63.5(å±8.5),59.9(å±8.7),48.5(å±9.1),78.6(å±9.2),50.3(å±9.0),38.4(å±8.7),27.0(å±7.8),58.9(å±13.5)
2014,10,Delaware,91.5(å±3.5),90.5(å±3.7),86.7(å±4.6),67.6(å±9.3),51.4(å±9.9),42.3(å±9.8),69.7(å±11.8),54.6(å±9.5),43.8(å±9.9),31.0(å±9.7),63.6(å±14.3)
2014,11,Dist. of Columbia,86.4(å±5.3),81.4(å±5.9),93.5(å±2.8),75.2(å±9.4),67.8(å±10.3),56.9(å±10.9),76.7(å±10.8),68.1(å±9.5),54.3(å±10.9),34.5(å±11.0),57.1(å±14.4)
2014,12,Florida,93.3(å±3.5),90.7(å±4.2),72.2(å±6.7),57.2(å±10.4),39.6(å±10.0),28.5(å±9.1),53.9(å±14.6),41.0(å±10.1),30.0(å±9.5),17.5(å±8.1),50.8(å±17.9)
2014,13,Georgia,87.5(å±4.5),86.1(å±4.8),74.9(å±6.1),65.4(å±9.1),56.3(å±9.5),47.1(å±9.7),73.6(å±10.2),41.2(å±9.0),28.0(å±7.8),21.0(å±7.2),56.2(å±14.2)
2014,15,Hawaii,85.4(å±4.4),82.3(å±4.8),77.7(å±5.2),60.4(å±8.6),49.3(å±8.7),38.0(å±8.4),66.5(å±11.1),56.5(å±8.6),47.1(å±8.8),30.9(å±8.5),62.0(å±12.1)
2014,16,Idaho,80.7(å±5.5),70.8(å±6.4),78.1(å±5.8),59.4(å±10.2),54.2(å±10.2),38.3(å±9.9),67.7(å±12.7),32.0(å±8.7),22.8(å±7.9),17.2(å±6.9),60.6(å±16.5)
2014,17,Illinois,94.4(å±2.0),91.9(å±2.4),77.1(å±4.2),64.4(å±6.5),58.0(å±6.7),47.7(å±6.9),76.9(å±7.6),44.7(å±6.6),34.2(å±6.3),22.6(å±5.7),59.5(å±9.7)
2014,18,Indiana,90.1(å±3.9),88.6(å±4.1),90.0(å±3.9),61.4(å±8.5),54.3(å±8.9),44.4(å±9.0),74.0(å±10.9),23.2(å±6.9),17.0(å±5.9),12.8(å±5.1),61.4(å±16.9)
2014,19,Iowa,80.1(å±6.1),76.7(å±6.4),64.4(å±6.9),59.5(å±9.9),52.5(å±9.9),37.6(å±9.3),67.7(å±11.9),30.2(å±8.8),26.7(å±8.5),18.7(å±7.3),64.3(å±16.8)
2014,20,Kansas,84.3(å±5.1),79.8(å±5.6),65.1(å±6.5),38.3(å±9.5),30.4(å±8.7),24.8(å±8.0),69.8(å±15.0),32.8(å±8.6),23.5(å±7.7),19.5(å±7.4),62.4(å±16.4)
2014,21,Kentucky,89.5(å±4.1),85.5(å±4.8),78.2(å±5.7),52.1(å±9.5),45.1(å±9.4),37.5(å±9.2),74.5(å±11.7),23.7(å±8.0),17.5(å±7.2),13.3(å±6.6),63.8(å±19.9)
2014,22,Louisiana,94.7(å±2.5),93.8(å±2.8),91.8(å±3.4),53.2(å±9.5),43.8(å±9.2),38.4(å±9.0),73.7(å±11.3),44.7(å±9.2),32.2(å±8.6),21.5(å±7.6),53.6(å±14.4)
2014,23,Maine,85.8(å±4.6),85.4(å±4.7),73.6(å±5.7),66.8(å±8.1),52.9(å±8.7),43.0(å±8.6),75.9(å±9.8),53.1(å±9.0),42.5(å±8.8),27.5(å±7.6),60.5(å±12.8)
2014,24,Maryland,89.5(å±4.5),85.0(å±5.3),86.5(å±4.9),57.9(å±9.9),52.6(å±10.0),39.4(å±9.7),70.3(å±12.8),46.9(å±9.7),37.3(å±9.4),24.5(å±8.6),59.0(å±15.2)
2014,25,Massachusetts,96.0(å±2.6),93.2(å±3.4),92.1(å±3.3),69.0(å±8.5),62.5(å±9.0),49.5(å±9.2),74.4(å±10.5),54.3(å±8.5),46.2(å±8.6),27.3(å±7.7),64.1(å±11.8)
2014,26,Michigan,82.1(å±5.1),79.3(å±5.4),90.7(å±4.0),58.0(å±9.1),50.9(å±9.3),40.9(å±9.1),73.5(å±11.9),39.8(å±9.5),31.9(å±9.1),22.1(å±8.2),59.5(å±14.9)
2014,27,Minnesota,89.9(å±4.5),87.2(å±5.0),75.5(å±6.0),67.0(å±9.4),53.9(å±10.3),42.5(å±10.3),67.4(å±12.5),43.9(å±9.9),36.6(å±9.8),13.6(å±7.0),35.2(å±16.0)
2014,28,Mississippi,71.1(å±6.3),70.8(å±6.3),46.0(å±6.5),45.8(å±9.5),30.6(å±8.7),24.6(å±8.4),54.5(å±13.8),26.5(å±8.0),16.2(å±7.0),NA,31.0(å±16.6)
2014,29,Missouri,87.8(å±4.3),86.1(å±4.6),63.3(å±6.5),47.5(å±9.2),36.3(å±8.8),28.3(å±8.2),62.2(å±13.7),27.9(å±8.4),20.1(å±7.6),11.3(å±5.7),47.9(å±19.0)
2014,30,Montana,86.5(å±4.6),84.7(å±4.7),60.2(å±6.5),57.2(å±9.2),51.0(å±9.2),42.9(å±9.1),79.6(å±8.6),33.3(å±9.2),19.1(å±7.6),13.0(å±6.4),45.8(å±18.4)
2014,31,Nebraska,85.6(å±5.0),82.2(å±5.4),74.1(å±5.8),59.6(å±9.1),51.2(å±9.4),43.3(å±9.5),74.5(å±11.5),39.5(å±9.1),31.0(å±8.8),22.8(å±7.8),60.2(å±15.0)
2014,32,Nevada,89.2(å±3.5),87.6(å±3.8),66.5(å±5.9),54.2(å±8.6),43.5(å±8.5),32.5(å±8.2),60.9(å±11.3),43.4(å±9.0),28.3(å±8.2),15.7(å±6.0),46.9(å±15.2)
2014,33,New Hampshire,95.5(å±2.4),94.4(å±2.6),90.6(å±3.2),71.0(å±7.2),61.2(å±7.9),50.1(å±8.4),75.3(å±8.9),56.1(å±7.8),46.9(å±7.9),33.0(å±7.6),65.7(å±10.9)
2014,34,New Jersey,95.3(å±2.8),90.1(å±4.4),94.9(å±3.2),48.0(å±9.8),39.9(å±9.6),34.5(å±9.3),76.6(å±13.0),35.5(å±9.4),26.7(å±8.7),21.2(å±8.4),62.9(å±16.8)
2014,35,New Mexico,88.7(å±4.6),83.3(å±5.3),75.1(å±5.6),59.0(å±8.9),48.7(å±9.1),39.9(å±8.9),71.0(å±11.5),42.8(å±9.3),33.2(å±8.9),23.3(å±8.1),58.8(å±15.2)
2014,36,New York,92.9(å±2.6),91.5(å±2.8),79.6(å±4.2),58.8(å±7.4),47.2(å±7.5),40.1(å±7.3),72.1(å±9.4),49.8(å±6.8),38.2(å±6.7),28.5(å±6.3),63.9(å±9.8)
2014,37,North Carolina,92.6(å±3.7),92.3(å±3.7),74.1(å±5.6),71.1(å±8.1),60.0(å±9.0),54.0(å±9.2),78.9(å±9.6),45.2(å±8.9),31.9(å±8.4),20.9(å±7.3),50.8(å±14.4)
2014,38,North Dakota,94.2(å±3.2),92.1(å±4.0),91.8(å±3.3),60.9(å±9.4),48.7(å±9.6),41.7(å±9.4),75.8(å±11.2),37.6(å±9.0),32.1(å±8.4),25.3(å±7.8),71.7(å±14.3)
2014,39,Ohio,85.0(å±4.6),83.0(å±4.8),73.7(å±5.4),61.0(å±8.4),47.3(å±8.8),35.2(å±8.3),60.0(å±12.0),36.8(å±8.1),29.3(å±7.7),23.3(å±7.3),69.8(å±12.5)
2014,40,Oklahoma,84.7(å±4.4),82.6(å±4.7),70.8(å±5.8),65.3(å±8.6),50.8(å±9.3),36.4(å±9.1),56.1(å±11.7),43.2(å±8.9),30.2(å±8.2),19.9(å±7.1),49.4(å±14.4)
2014,41,Oregon,89.7(å±4.0),88.0(å±4.2),68.4(å±6.0),64.6(å±8.7),51.7(å±9.2),43.1(å±9.1),72.4(å±10.8),36.9(å±8.4),23.0(å±7.0),12.3(å±4.8),39.4(å±13.8)
2014,42,Pennsylvania,94.4(å±2.5),93.0(å±2.7),95.2(å±1.9),66.8(å±7.4),57.9(å±8.0),48.2(å±8.1),77.6(å±9.6),47.4(å±7.9),35.9(å±7.4),26.0(å±6.7),59.3(å±12.2)
2014,44,Rhode Island,94.7(å±2.9),92.4(å±3.4),94.1(å±3.2),76.0(å±7.7),67.8(å±8.2),53.7(å±8.5),75.8(å±8.7),69.0(å±7.5),56.8(å±8.1),42.9(å±7.9),71.9(å±9.5)
2014,45,South Carolina,74.8(å±6.0),72.6(å±6.2),67.3(å±6.3),52.1(å±9.5),46.5(å±9.5),35.9(å±9.1),73.0(å±12.2),29.4(å±8.5),22.5(å±7.8),16.1(å±6.8),71.5(å±16.1)
2014,46,South Dakota,76.1(å±5.9),75.0(å±5.9),57.0(å±6.6),61.0(å±9.4),44.0(å±9.5),33.1(å±8.8),60.4(å±12.9),34.4(å±9.1),28.4(å±8.8),23.5(å±8.5),71.9(å±15.2)
2014,47,Tennessee,88.3(å±4.2),86.0(å±4.5),74.0(å±5.8),47.8(å±9.8),39.4(å±9.6),20.1(å±6.7),43.3(å±13.4),30.5(å±8.5),19.4(å±7.2),14.0(å±6.6),61.5(å±17.3)
2014,48,Texas,89.5(å±3.0),88.2(å±3.1),88.6(å±3.0),50.7(å±7.0),44.2(å±6.9),33.9(å±6.5),70.5(å±9.5),36.6(å±6.4),26.0(å±5.8),17.7(å±5.2),53.7(å±11.3)
2014,0,US National,89.8(å±0.8),87.6(å±0.9),79.3(å±1.1),60.0(å±1.9),50.3(å±1.9),39.7(å±1.9),69.3(å±2.4),41.7(å±1.8),31.4(å±1.7),21.6(å±1.6),57.8(å±3.0)
2014,49,Utah,88.4(å±3.9),84.8(å±4.5),66.9(å±5.9),59.2(å±8.3),40.0(å±8.5),26.0(å±7.3),48.5(å±12.1),28.6(å±8.0),19.6(å±6.8),12.4(å±5.5),50.4(å±17.8)
2014,50,Vermont,94.9(å±3.1),93.4(å±3.3),81.3(å±5.1),63.4(å±8.9),55.8(å±9.2),49.8(å±9.2),80.2(å±9.7),50.5(å±9.3),40.5(å±9.1),30.5(å±8.4),68.7(å±12.6)
2014,51,Virginia,94.4(å±3.3),91.2(å±3.9),72.5(å±6.6),59.2(å±10.4),51.1(å±10.5),35.9(å±9.7),64.7(å±13.8),36.3(å±10.5),29.7(å±9.9),22.5(å±9.4),75.9(å±15.4)
2014,53,Washington,89.4(å±4.0),88.5(å±4.1),82.1(å±4.9),65.8(å±8.8),54.1(å±9.3),43.8(å±9.4),73.5(å±10.3),53.8(å±8.8),41.8(å±8.8),24.6(å±7.9),50.0(å±13.0)
2014,54,West Virginia,79.6(å±5.7),77.9(å±5.8),78.9(å±5.6),58.0(å±9.4),48.3(å±9.3),40.0(å±9.0),70.9(å±11.5),42.7(å±8.9),28.8(å±8.0),23.5(å±7.7),60.8(å±14.1)
2014,55,Wisconsin,94.1(å±3.6),93.3(å±3.7),73.8(å±6.2),61.0(å±9.8),52.1(å±10.0),40.9(å±9.9),67.7(å±11.7),49.3(å±9.4),39.3(å±9.5),23.6(å±8.1),58.6(å±15.7)
2014,56,Wyoming,90.1(å±3.4),89.1(å±3.5),55.6(å±5.7),50.3(å±8.1),42.4(å±8.0),33.6(å±7.6),68.9(å±10.9),29.3(å±7.4),19.3(å±6.6),12.2(å±5.5),50.5(å±17.1)